{
  "scale": "DASS-21",
  "options": [
    {
      "value": 0,
      "label": "0 - Không bao giờ"
    },
    {
      "value": 1,
      "label": "1 - Thỉnh thoảng"
    },
    {
      "value": 2,
      "label": "2 - Khá thường xuyên"
    },
    {
      "value": 3,
      "label": "3 - Hầu hết/luôn luôn"
    }
  ],
  "items": [
    {
      "id": 1,
      "text": "Tôi khó mà thư giãn.",
      "subscale": "Stress"
    },
    {
      "id": 2,
      "text": "Tôi thấy miệng khô.",
      "subscale": "Anxiety"
    },
    {
      "id": 3,
      "text": "Không có gì khiến tôi vui.",
      "subscale": "Depression"
    },
    {
      "id": 4,
      "text": "Tôi gặp vấn đề thở gấp (không do vận động).",
      "subscale": "Anxiety"
    },
    {
      "id": 5,
      "text": "Tôi khó chịu vì mọi chuyện.",
      "subscale": "Stress"
    },
    {
      "id": 6,
      "text": "Tôi thấy không có gì mong đợi.",
      "subscale": "Depression"
    },
    {
      "id": 7,
      "text": "Tôi dễ bồn chồn, bứt rứt.",
      "subscale": "Stress"
    },
    {
      "id": 8,
      "text": "Tôi thấy mình sắp hoang sợ.",
      "subscale": "Anxiety"
    },
    {
      "id": 9,
      "text": "Tôi không còn hứng thú với bất cứ điều gì.",
      "subscale": "Depression"
    },
    {
      "id": 10,
      "text": "Tôi thấy mình như đang chậm lại.",
      "subscale": "Depression"
    },
    {
      "id": 11,
      "text": "Tôi thấy run rẩy (ví dụ tay).",
      "subscale": "Anxiety"
    },
    {
      "id": 12,
      "text": "Tôi dễ bực bội.",
      "subscale": "Stress"
    },
    {
      "id": 13,
      "text": "Tôi khó chịu và khó thư giãn.",
      "subscale": "Stress"
    },
    {
      "id": 14,
      "text": "Tôi thấy sợ vô cớ.",
      "subscale": "Anxiety"
    },
    {
      "id": 15,
      "text": "Tôi thấy cuộc sống vô nghĩa.",
      "subscale": "Depression"
    },
    {
      "id": 16,
      "text": "Tôi dễ bị kích động.",
      "subscale": "Stress"
    },
    {
      "id": 17,
      "text": "Tôi khó chịu vì hồi hộp.",
      "subscale": "Anxiety"
    },
    {
      "id": 18,
      "text": "Tôi cảm thấy không còn giá trị.",
      "subscale": "Depression"
    },
    {
      "id": 19,
      "text": "Tôi dễ bị căng thẳng.",
      "subscale": "Stress"
    },
    {
      "id": 20,
      "text": "Tôi sợ hãi đến mức không có lý do rõ ràng.",
      "subscale": "Anxiety"
    },
    {
      "id": 21,
      "text": "Tôi thấy buồn rầu chán nản.",
      "subscale": "Depression"
    }
  ],
  "severity_thresholds": {
    "Depression": {
      "Normal": [
        0,
        9
      ],
      "Mild": [
        10,
        13
      ],
      "Moderate": [
        14,
        20
      ],
      "Severe": [
        21,
        27
      ],
      "Extremely Severe": [
        28,
        42
      ]
    },
    "Anxiety": {
      "Normal": [
        0,
        7
      ],
      "Mild": [
        8,
        9
      ],
      "Moderate": [
        10,
        14
      ],
      "Severe": [
        15,
        19
      ],
      "Extremely Severe": [
        20,
        42
      ]
    },
    "Stress": {
      "Normal": [
        0,
        14
      ],
      "Mild": [
        15,
        18
      ],
      "Moderate": [
        19,
        25
      ],
      "Severe": [
        26,
        33
      ],
      "Extremely Severe": [
        34,
        42
      ]
    }
  },
  "scoring_note": "DASS-21 tổng điểm mỗi phần thang được nhân hệ số 2 để tương đương DASS-42."
}