{
  "scale": "PHQ-9",
  "options": [
    {"value":0,"label":"0 - Không ngày nào"},
    {"value":1,"label":"1 - Vài ngày"},
    {"value":2,"label":"2 - Hơn nửa số ngày"},
    {"value":3,"label":"3 - Gần như mỗi ngày"}
  ],
  "items": [
    {"id":1,"text":"Ít hứng thú/vui thích khi làm việc."},
    {"id":2,"text":"Cảm thấy buồn chán, tuyệt vọng."},
    {"id":3,"text":"Khó ngủ/không sâu hoặc ngủ quá nhiều."},
    {"id":4,"text":"Mệt mỏi, thiếu năng lượng."},
    {"id":5,"text":"Kém ngon miệng hoặc ăn quá nhiều."},
    {"id":6,"text":"Tự thấy bản thân tệ, thất bại hoặc làm người khác thất vọng."},
    {"id":7,"text":"Khó tập trung (đọc báo, xem TV...)."},
    {"id":8,"text":"Nói/di chuyển chậm rõ rệt hoặc trái lại quá kích động."},
    {"id":9,"text":"Có ý nghĩ chết hoặc làm tổn thương bản thân."}
  ],
  "severity_thresholds": [[0,4,"Minimal"],[5,9,"Mild"],[10,14,"Moderate"],[15,19,"Moderately Severe"],[20,27,"Severe"]]
}